created_at,entry_id,field1,field2,field3,field4,field5,field6
2019-01-15 22:49:45 UTC,16891,0.0,24.31,378.0,2.0,0.0,
2019-01-15 22:59:44 UTC,16892,0.0,24.26,376.0,2.0,0.0,
2019-01-15 23:09:44 UTC,16893,0.0,24.2,377.0,2.0,0.0,
2019-01-15 23:19:44 UTC,16894,0.0,24.09,375.0,2.0,0.0,
2019-01-15 23:29:43 UTC,16895,0.0,24.04,376.0,2.0,0.0,
2019-01-15 23:39:42 UTC,16896,0.0,23.93,379.0,2.0,0.0,
2019-01-15 23:49:42 UTC,16897,0.0,23.88,380.0,2.0,0.0,
2019-01-15 23:59:41 UTC,16898,0.0,23.82,378.0,2.0,0.0,
2019-01-16 00:09:40 UTC,16899,0.0,23.71,382.0,2.0,0.0,
2019-01-16 00:19:39 UTC,16900,0.0,23.66,379.0,2.0,0.0,
2019-01-16 00:29:38 UTC,16901,0.0,23.61,380.0,2.0,0.0,
2019-01-16 00:39:37 UTC,16902,0.0,23.55,381.0,2.0,0.0,
2019-01-16 00:49:37 UTC,16903,0.0,23.5,386.0,2.0,0.0,
2019-01-16 00:59:36 UTC,16904,0.0,23.44,381.0,2.0,0.0,
2019-01-16 01:09:35 UTC,16905,0.0,23.44,387.0,2.0,0.0,
2019-01-16 01:19:34 UTC,16906,0.0,23.39,381.0,2.0,0.0,
2019-01-16 01:29:33 UTC,16907,0.0,23.39,385.0,2.0,0.0,
2019-01-16 01:39:32 UTC,16908,0.0,23.34,387.0,2.0,0.0,
2019-01-16 01:49:31 UTC,16909,0.0,23.28,384.0,2.0,0.0,
2019-01-16 01:59:30 UTC,16910,0.0,23.28,384.0,2.0,0.0,
2019-01-16 02:09:29 UTC,16911,0.0,23.23,387.0,2.0,0.0,
2019-01-16 02:19:28 UTC,16912,0.0,23.17,388.0,2.0,0.0,
2019-01-16 02:29:28 UTC,16913,0.0,23.17,388.0,2.0,0.0,
2019-01-16 02:39:27 UTC,16914,0.0,23.17,388.0,2.0,0.0,
2019-01-16 02:49:26 UTC,16915,0.0,23.12,387.0,2.0,0.0,
2019-01-16 02:59:25 UTC,16916,0.0,23.12,386.0,2.0,0.0,
2019-01-16 03:09:24 UTC,16917,0.0,23.12,391.0,2.0,0.0,
2019-01-16 03:19:23 UTC,16918,0.0,23.07,387.0,2.0,0.0,
2019-01-16 03:29:22 UTC,16919,0.0,23.07,393.0,2.0,0.0,
2019-01-16 03:39:21 UTC,16920,0.0,23.07,393.0,2.0,0.0,
2019-01-16 03:49:20 UTC,16921,0.0,23.07,390.0,2.0,0.0,
2019-01-16 03:59:19 UTC,16922,0.0,23.07,394.0,2.0,0.0,
2019-01-16 04:09:19 UTC,16923,0.0,23.01,390.0,2.0,0.0,
2019-01-16 04:19:18 UTC,16924,0.0,23.01,389.0,2.0,0.0,
2019-01-16 04:29:17 UTC,16925,0.0,23.01,388.0,2.0,0.0,
2019-01-16 04:39:16 UTC,16926,0.0,22.96,387.0,2.0,0.0,
2019-01-16 04:49:15 UTC,16927,0.0,22.96,390.0,2.0,0.0,
2019-01-16 04:59:14 UTC,16928,0.0,22.9,390.0,2.0,0.0,
2019-01-16 05:09:12 UTC,16929,0.0,22.9,388.0,2.0,0.0,
2019-01-16 05:19:11 UTC,16930,0.0,22.85,391.0,2.0,0.0,
2019-01-16 05:29:10 UTC,16931,0.0,22.85,390.0,2.0,0.0,
2019-01-16 05:39:09 UTC,16932,0.0,22.8,390.0,2.0,0.0,
2019-01-16 05:49:08 UTC,16933,0.0,22.74,393.0,2.0,0.0,
2019-01-16 05:59:07 UTC,16934,0.0,22.74,392.0,2.0,0.0,
2019-01-16 06:09:06 UTC,16935,0.0,22.69,390.0,2.0,0.0,
2019-01-16 06:19:04 UTC,16936,0.0,22.63,389.0,2.0,0.0,
2019-01-16 06:29:03 UTC,16937,0.0,22.58,391.0,2.0,0.0,
2019-01-16 06:39:02 UTC,16938,0.0,22.58,390.0,2.0,0.0,
2019-01-16 06:49:00 UTC,16939,0.0,22.52,389.0,2.0,0.0,
2019-01-16 06:58:59 UTC,16940,0.0,22.52,389.0,2.0,0.0,
2019-01-16 07:08:58 UTC,16941,0.0,22.47,393.0,2.0,0.0,
2019-01-16 07:18:56 UTC,16942,0.0,22.42,390.0,2.0,0.0,
2019-01-16 07:28:55 UTC,16943,0.0,22.42,392.0,2.0,0.0,
2019-01-16 07:38:53 UTC,16944,0.0,22.42,391.0,2.0,0.0,
2019-01-16 07:48:52 UTC,16945,0.0,22.36,393.0,2.0,0.0,
2019-01-16 07:58:50 UTC,16946,0.0,22.36,389.0,2.0,0.0,
2019-01-16 08:08:49 UTC,16947,0.0,22.36,389.0,2.0,0.0,
2019-01-16 08:18:47 UTC,16948,0.0,22.31,389.0,2.0,0.0,
2019-01-16 08:28:46 UTC,16949,0.0,22.31,391.0,2.0,0.0,
2019-01-16 08:38:45 UTC,16950,0.0,22.25,390.0,2.0,0.0,
2019-01-16 08:48:43 UTC,16951,0.0,22.25,390.0,2.0,0.0,
2019-01-16 08:58:42 UTC,16952,0.0,22.25,391.0,2.0,0.0,
2019-01-16 09:08:40 UTC,16953,0.0,22.25,392.0,2.0,0.0,
2019-01-16 09:18:39 UTC,16954,0.0,22.2,393.0,2.0,0.0,
2019-01-16 09:28:37 UTC,16955,0.0,22.2,394.0,2.0,0.0,
2019-01-16 09:38:36 UTC,16956,0.0,22.15,392.0,2.0,0.0,
2019-01-16 09:48:34 UTC,16957,0.0,22.15,391.0,2.0,0.0,
2019-01-16 09:58:33 UTC,16958,0.0,22.15,390.0,2.0,0.0,
2019-01-16 10:08:31 UTC,16959,0.0,22.09,396.0,2.0,0.0,
2019-01-16 10:18:30 UTC,16960,0.0,22.09,394.0,2.0,0.0,
2019-01-16 10:28:28 UTC,16961,0.0,22.04,391.0,2.0,0.0,
2019-01-16 10:38:26 UTC,16962,0.0,22.04,393.0,2.0,0.0,
2019-01-16 10:48:25 UTC,16963,0.0,22.04,395.0,2.0,0.0,
2019-01-16 10:58:23 UTC,16964,0.0,21.98,394.0,2.0,0.0,
2019-01-16 11:08:21 UTC,16965,2.0,21.98,391.0,2.0,0.0,
2019-01-16 11:18:20 UTC,16966,6.0,21.93,393.0,2.0,0.0,
2019-01-16 11:28:18 UTC,16967,9.0,21.88,394.0,2.0,0.0,
2019-01-16 11:38:40 UTC,16968,22.0,21.88,394.0,2.0,1.0,
2019-01-16 11:48:38 UTC,16969,35.0,21.88,381.0,2.0,0.0,
2019-01-16 11:58:37 UTC,16970,55.0,21.93,375.0,2.0,0.0,
2019-01-16 12:08:35 UTC,16971,61.0,21.88,380.0,2.0,0.0,
2019-01-16 12:18:33 UTC,16972,78.0,21.93,379.0,2.0,0.0,
2019-01-16 12:28:32 UTC,16973,71.0,21.93,380.0,2.0,0.0,
2019-01-16 12:38:30 UTC,16974,51.0,21.98,379.0,2.0,0.0,
2019-01-16 12:48:29 UTC,16975,57.0,22.04,381.0,2.0,0.0,
2019-01-16 12:58:27 UTC,16976,68.0,22.09,383.0,2.0,0.0,
2019-01-16 13:08:26 UTC,16977,64.0,22.15,382.0,2.0,0.0,
2019-01-16 13:18:25 UTC,16978,90.0,22.25,377.0,2.0,0.0,
2019-01-16 13:28:24 UTC,16979,95.0,22.31,383.0,2.0,0.0,
2019-01-16 13:38:22 UTC,16980,106.0,22.36,379.0,2.0,0.0,
2019-01-16 13:48:21 UTC,16981,106.0,22.47,382.0,2.0,0.0,
2019-01-16 13:58:20 UTC,16982,111.0,22.52,385.0,2.0,0.0,
2019-01-16 14:08:19 UTC,16983,98.0,22.52,378.0,2.0,0.0,
2019-01-16 14:18:18 UTC,16984,136.0,22.58,381.0,2.0,0.0,
2019-01-16 14:28:19 UTC,16985,173.0,22.63,384.0,2.0,0.0,
2019-01-16 14:38:16 UTC,16986,174.0,22.69,379.0,2.0,0.0,
2019-01-16 14:48:15 UTC,16987,210.0,22.8,378.0,2.0,0.0,
2019-01-16 14:58:14 UTC,16988,299.0,22.85,382.0,2.0,0.0,
2019-01-16 15:08:14 UTC,16989,299.0,23.01,381.0,2.0,0.0,
2019-01-16 15:18:13 UTC,16990,238.0,23.12,378.0,2.0,0.0,
2019-01-16 15:28:12 UTC,16991,177.0,23.17,378.0,2.0,0.0,
2019-01-16 15:38:12 UTC,16992,176.0,23.23,384.0,2.0,0.0,
2019-01-16 15:48:11 UTC,16993,152.0,23.28,380.0,2.0,0.0,
2019-01-16 15:58:10 UTC,16994,134.0,23.34,383.0,2.0,0.0,
2019-01-16 16:08:10 UTC,16995,172.0,23.39,381.0,2.0,0.0,
2019-01-16 16:18:09 UTC,16996,194.0,23.44,381.0,2.0,0.0,
2019-01-16 16:28:09 UTC,16997,227.0,23.5,385.0,2.0,0.0,
2019-01-16 16:38:08 UTC,16998,247.0,23.55,381.0,2.0,0.0,
2019-01-16 16:48:08 UTC,16999,213.0,23.61,380.0,2.0,0.0,
2019-01-16 16:58:07 UTC,17000,217.0,23.66,387.0,2.0,0.0,
2019-01-16 17:08:07 UTC,17001,221.0,23.66,384.0,2.0,0.0,
2019-01-16 17:18:07 UTC,17002,210.0,23.77,386.0,2.0,0.0,
2019-01-16 17:28:06 UTC,17003,256.0,23.77,381.0,2.0,0.0,
2019-01-16 17:38:06 UTC,17004,248.0,23.88,387.0,2.0,0.0,
2019-01-16 17:48:06 UTC,17005,157.0,23.93,382.0,2.0,0.0,
2019-01-16 17:58:06 UTC,17006,157.0,23.98,384.0,2.0,0.0,
2019-01-16 18:08:06 UTC,17007,154.0,23.98,385.0,2.0,0.0,
2019-01-16 18:18:06 UTC,17008,279.0,24.04,387.0,2.0,0.0,
2019-01-16 18:28:05 UTC,17009,204.0,24.09,384.0,2.0,0.0,
2019-01-16 18:38:06 UTC,17010,173.0,24.09,388.0,2.0,0.0,
2019-01-16 18:48:05 UTC,17011,234.0,24.15,389.0,2.0,0.0,
2019-01-16 18:58:05 UTC,17012,196.0,24.2,387.0,2.0,0.0,
2019-01-16 19:08:06 UTC,17013,320.0,24.26,384.0,2.0,0.0,
2019-01-16 19:18:06 UTC,17014,204.0,24.36,387.0,2.0,0.0,
2019-01-16 19:28:06 UTC,17015,172.0,24.42,386.0,2.0,0.0,
2019-01-16 19:38:06 UTC,17016,113.0,24.42,389.0,2.0,0.0,
2019-01-16 19:48:06 UTC,17017,141.0,24.42,389.0,2.0,0.0,
2019-01-16 19:58:06 UTC,17018,75.0,24.47,386.0,2.0,0.0,
2019-01-16 20:08:06 UTC,17019,77.0,24.47,385.0,2.0,0.0,
2019-01-16 20:18:06 UTC,17020,94.0,24.47,386.0,2.0,0.0,
2019-01-16 20:28:06 UTC,17021,78.0,24.53,390.0,2.0,0.0,
2019-01-16 20:38:06 UTC,17022,78.0,24.53,385.0,2.0,0.0,
2019-01-16 20:48:06 UTC,17023,88.0,24.53,389.0,2.0,0.0,
2019-01-16 20:58:06 UTC,17024,62.0,24.58,390.0,2.0,0.0,
2019-01-16 21:08:06 UTC,17025,65.0,24.58,389.0,2.0,0.0,
2019-01-16 21:18:06 UTC,17026,66.0,24.58,387.0,2.0,0.0,
2019-01-16 21:28:29 UTC,17027,77.0,24.58,391.0,2.0,1.0,
2019-01-16 21:38:29 UTC,17028,53.0,24.58,374.0,2.0,0.0,
2019-01-16 21:48:28 UTC,17029,53.0,24.53,374.0,2.0,0.0,
2019-01-16 21:58:28 UTC,17030,42.0,24.53,377.0,2.0,0.0,
2019-01-16 22:08:28 UTC,17031,33.0,24.53,374.0,2.0,0.0,
2019-01-16 22:18:28 UTC,17032,21.0,24.53,378.0,2.0,0.0,
2019-01-16 22:28:27 UTC,17033,11.0,24.53,374.0,2.0,0.0,
2019-01-16 22:38:27 UTC,17034,15.0,24.47,374.0,2.0,0.0,
2019-01-16 22:48:26 UTC,17035,13.0,24.47,374.0,2.0,0.0,
2019-01-16 22:58:26 UTC,17036,6.0,24.42,375.0,2.0,0.0,
2019-01-16 23:08:25 UTC,17037,14.0,24.36,374.0,2.0,0.0,
2019-01-16 23:18:25 UTC,17038,0.0,24.31,374.0,2.0,0.0,
2019-01-16 23:28:24 UTC,17039,0.0,24.26,374.0,2.0,0.0,
2019-01-16 23:38:23 UTC,17040,0.0,24.26,381.0,2.0,0.0,
2019-01-16 23:48:23 UTC,17041,0.0,24.15,379.0,2.0,0.0,
2019-01-16 23:58:22 UTC,17042,0.0,24.09,375.0,2.0,0.0,
2019-01-17 00:08:21 UTC,17043,0.0,24.04,383.0,2.0,0.0,
2019-01-17 00:18:20 UTC,17044,0.0,23.98,383.0,2.0,0.0,
2019-01-17 00:28:19 UTC,17045,0.0,23.93,377.0,2.0,0.0,
2019-01-17 00:38:18 UTC,17046,0.0,23.88,378.0,2.0,0.0,
2019-01-17 00:48:17 UTC,17047,0.0,23.82,377.0,2.0,0.0,
2019-01-17 00:58:16 UTC,17048,0.0,23.77,377.0,2.0,0.0,
2019-01-17 01:08:15 UTC,17049,0.0,23.71,379.0,2.0,0.0,
2019-01-17 01:18:14 UTC,17050,0.0,23.66,381.0,2.0,0.0,
2019-01-17 01:28:13 UTC,17051,0.0,23.61,377.0,2.0,0.0,
2019-01-17 01:38:12 UTC,17052,0.0,23.55,377.0,2.0,0.0,
2019-01-17 01:48:11 UTC,17053,0.0,23.5,382.0,2.0,0.0,
2019-01-17 01:58:10 UTC,17054,0.0,23.44,380.0,2.0,0.0,
2019-01-17 02:08:09 UTC,17055,0.0,23.39,377.0,2.0,0.0,
2019-01-17 02:18:08 UTC,17056,0.0,23.34,381.0,1.0,0.0,
2019-01-17 02:28:07 UTC,17057,0.0,23.28,379.0,2.0,0.0,
2019-01-17 02:38:06 UTC,17058,0.0,23.23,384.0,2.0,0.0,
2019-01-17 02:48:05 UTC,17059,0.0,23.17,385.0,2.0,0.0,
2019-01-17 02:58:03 UTC,17060,0.0,23.07,380.0,2.0,0.0,
2019-01-17 03:08:02 UTC,17061,0.0,23.07,377.0,2.0,0.0,
2019-01-17 03:18:01 UTC,17062,0.0,22.96,383.0,2.0,0.0,
2019-01-17 03:27:59 UTC,17063,0.0,22.9,381.0,2.0,0.0,
2019-01-17 03:37:58 UTC,17064,0.0,22.85,383.0,2.0,0.0,
2019-01-17 03:47:57 UTC,17065,0.0,22.8,382.0,2.0,0.0,
2019-01-17 03:57:55 UTC,17066,0.0,22.74,379.0,2.0,0.0,
2019-01-17 04:07:54 UTC,17067,0.0,22.74,385.0,2.0,0.0,
2019-01-17 04:17:53 UTC,17068,0.0,22.69,386.0,2.0,0.0,
2019-01-17 04:27:51 UTC,17069,0.0,22.63,382.0,2.0,0.0,
2019-01-17 04:37:50 UTC,17070,0.0,22.58,383.0,2.0,0.0,
2019-01-17 04:47:48 UTC,17071,0.0,22.52,379.0,2.0,0.0,
2019-01-17 04:57:47 UTC,17072,0.0,22.52,380.0,2.0,0.0,
2019-01-17 05:07:46 UTC,17073,0.0,22.47,383.0,2.0,0.0,
2019-01-17 05:17:44 UTC,17074,0.0,22.47,382.0,2.0,0.0,
2019-01-17 05:27:43 UTC,17075,0.0,22.47,380.0,2.0,0.0,
2019-01-17 05:37:41 UTC,17076,0.0,22.47,380.0,2.0,0.0,
2019-01-17 05:47:40 UTC,17077,0.0,22.47,382.0,2.0,0.0,
2019-01-17 05:57:39 UTC,17078,0.0,22.42,385.0,2.0,0.0,
2019-01-17 06:07:37 UTC,17079,0.0,22.42,379.0,2.0,0.0,
2019-01-17 06:17:36 UTC,17080,0.0,22.36,382.0,2.0,0.0,
2019-01-17 06:27:34 UTC,17081,0.0,22.36,385.0,2.0,0.0,
2019-01-17 06:37:33 UTC,17082,0.0,22.36,383.0,2.0,0.0,
2019-01-17 06:47:32 UTC,17083,0.0,22.36,382.0,2.0,0.0,
2019-01-17 06:57:30 UTC,17084,0.0,22.36,381.0,2.0,0.0,
2019-01-17 07:07:29 UTC,17085,0.0,22.36,385.0,2.0,0.0,
2019-01-17 07:17:27 UTC,17086,0.0,22.36,385.0,2.0,0.0,
2019-01-17 07:27:26 UTC,17087,0.0,22.36,382.0,2.0,0.0,
2019-01-17 07:37:25 UTC,17088,0.0,22.36,381.0,2.0,0.0,
2019-01-17 07:47:24 UTC,17089,0.0,22.31,381.0,2.0,0.0,
2019-01-17 07:57:22 UTC,17090,0.0,22.36,383.0,2.0,0.0,
2019-01-17 08:07:21 UTC,17091,0.0,22.31,388.0,2.0,0.0,
2019-01-17 08:17:19 UTC,17092,0.0,22.31,383.0,2.0,0.0,
2019-01-17 08:27:18 UTC,17093,0.0,22.31,388.0,2.0,0.0,
2019-01-17 08:37:16 UTC,17094,0.0,22.31,382.0,2.0,0.0,
2019-01-17 08:47:15 UTC,17095,0.0,22.31,381.0,2.0,0.0,
2019-01-17 08:57:14 UTC,17096,0.0,22.25,385.0,2.0,0.0,
2019-01-17 09:07:12 UTC,17097,0.0,22.25,386.0,2.0,0.0,
2019-01-17 09:17:11 UTC,17098,0.0,22.2,383.0,2.0,0.0,
2019-01-17 09:27:09 UTC,17099,0.0,22.2,381.0,2.0,0.0,
2019-01-17 09:37:08 UTC,17100,0.0,22.15,384.0,2.0,0.0,
2019-01-17 09:47:06 UTC,17101,0.0,22.09,389.0,2.0,0.0,
2019-01-17 09:57:04 UTC,17102,0.0,22.04,382.0,2.0,0.0,
2019-01-17 10:07:02 UTC,17103,0.0,21.98,383.0,2.0,0.0,
2019-01-17 10:17:01 UTC,17104,0.0,21.93,384.0,2.0,0.0,
2019-01-17 10:26:59 UTC,17105,0.0,21.93,382.0,2.0,0.0,
2019-01-17 10:36:57 UTC,17106,0.0,21.88,385.0,2.0,0.0,
2019-01-17 10:46:56 UTC,17107,0.0,21.88,385.0,2.0,0.0,
2019-01-17 10:56:54 UTC,17108,0.0,21.88,382.0,2.0,0.0,
2019-01-17 11:06:52 UTC,17109,0.0,21.82,382.0,2.0,0.0,
2019-01-17 11:16:50 UTC,17110,6.0,21.77,383.0,2.0,0.0,
2019-01-17 11:26:49 UTC,17111,19.0,21.77,382.0,2.0,0.0,
2019-01-17 11:36:47 UTC,17112,22.0,21.71,383.0,2.0,0.0,
2019-01-17 11:46:45 UTC,17113,27.0,21.71,383.0,2.0,0.0,
2019-01-17 11:56:43 UTC,17114,33.0,21.66,383.0,2.0,0.0,
2019-01-17 12:06:41 UTC,17115,40.0,21.66,384.0,2.0,0.0,
2019-01-17 12:16:39 UTC,17116,42.0,21.66,384.0,2.0,0.0,
2019-01-17 12:26:38 UTC,17117,44.0,21.66,385.0,2.0,0.0,
2019-01-17 12:36:36 UTC,17118,68.0,21.71,386.0,2.0,0.0,
2019-01-17 12:46:34 UTC,17119,71.0,21.77,384.0,2.0,0.0,
2019-01-17 12:56:33 UTC,17120,83.0,21.77,384.0,2.0,0.0,
2019-01-17 13:06:31 UTC,17121,107.0,21.82,383.0,2.0,0.0,
2019-01-17 13:16:29 UTC,17122,171.0,21.88,382.0,2.0,0.0,
2019-01-17 13:26:28 UTC,17123,155.0,21.98,383.0,2.0,0.0,
2019-01-17 13:36:27 UTC,17124,161.0,22.15,383.0,2.0,0.0,
2019-01-17 13:46:25 UTC,17125,126.0,22.2,386.0,2.0,0.0,
2019-01-17 13:56:24 UTC,17126,143.0,22.36,384.0,2.0,0.0,
2019-01-17 14:06:23 UTC,17127,145.0,22.42,383.0,2.0,0.0,
2019-01-17 14:16:22 UTC,17128,214.0,22.52,389.0,2.0,0.0,
2019-01-17 14:26:20 UTC,17129,259.0,22.63,384.0,2.0,0.0,
2019-01-17 14:36:20 UTC,17130,295.0,22.8,387.0,2.0,0.0,
2019-01-17 14:46:42 UTC,17131,181.0,22.9,391.0,2.0,1.0,
2019-01-17 14:56:42 UTC,17132,150.0,23.01,373.0,2.0,0.0,
2019-01-17 15:06:41 UTC,17133,318.0,23.12,377.0,2.0,0.0,
2019-01-17 15:16:40 UTC,17134,201.0,23.23,373.0,2.0,0.0,
2019-01-17 15:26:40 UTC,17135,333.0,23.28,380.0,2.0,0.0,
2019-01-17 15:36:40 UTC,17136,340.0,23.44,374.0,2.0,0.0,
2019-01-17 15:46:39 UTC,17137,342.0,23.55,377.0,2.0,0.0,
2019-01-17 15:56:39 UTC,17138,354.0,23.66,379.0,2.0,0.0,
2019-01-17 16:06:39 UTC,17139,385.0,23.77,375.0,2.0,0.0,
2019-01-17 16:16:39 UTC,17140,187.0,23.93,381.0,2.0,0.0,
2019-01-17 16:26:39 UTC,17141,123.0,24.04,376.0,2.0,0.0,
2019-01-17 16:36:38 UTC,17142,138.0,24.09,374.0,2.0,0.0,
2019-01-17 16:46:38 UTC,17143,158.0,24.09,375.0,2.0,0.0,
2019-01-17 16:56:38 UTC,17144,204.0,24.15,381.0,2.0,0.0,
2019-01-17 17:06:38 UTC,17145,194.0,24.15,375.0,2.0,0.0,
2019-01-17 17:16:37 UTC,17146,218.0,24.2,375.0,2.0,0.0,
2019-01-17 17:26:37 UTC,17147,238.0,24.26,376.0,2.0,0.0,
2019-01-17 17:36:37 UTC,17148,206.0,24.31,377.0,2.0,0.0,
2019-01-17 17:46:37 UTC,17149,196.0,24.31,376.0,2.0,0.0,
2019-01-17 17:56:36 UTC,17150,226.0,24.36,382.0,2.0,0.0,
2019-01-17 18:06:36 UTC,17151,222.0,24.42,377.0,2.0,0.0,
2019-01-17 18:16:36 UTC,17152,215.0,24.42,382.0,2.0,0.0,
2019-01-17 18:26:36 UTC,17153,217.0,24.47,380.0,2.0,0.0,
2019-01-17 18:36:35 UTC,17154,228.0,24.53,375.0,2.0,0.0,
2019-01-17 18:46:35 UTC,17155,189.0,24.53,381.0,2.0,0.0,
2019-01-17 18:56:35 UTC,17156,196.0,24.58,379.0,1.0,0.0,
2019-01-17 19:06:35 UTC,17157,206.0,24.58,377.0,2.0,0.0,
2019-01-17 19:16:34 UTC,17158,271.0,24.63,378.0,2.0,0.0,
2019-01-17 19:26:34 UTC,17159,250.0,24.63,377.0,2.0,0.0,
2019-01-17 19:36:34 UTC,17160,171.0,24.69,382.0,2.0,0.0,
2019-01-17 19:46:34 UTC,17161,206.0,24.63,378.0,2.0,0.0,
2019-01-17 19:56:34 UTC,17162,216.0,24.63,382.0,2.0,0.0,
2019-01-17 20:06:34 UTC,17163,159.0,24.69,378.0,2.0,0.0,
2019-01-17 20:16:34 UTC,17164,148.0,24.69,380.0,2.0,0.0,
2019-01-17 20:26:34 UTC,17165,169.0,24.74,378.0,2.0,0.0,
2019-01-17 20:36:34 UTC,17166,205.0,24.74,383.0,2.0,0.0,
2019-01-17 20:46:35 UTC,17167,160.0,24.74,380.0,2.0,0.0,
2019-01-17 20:56:35 UTC,17168,153.0,24.74,381.0,2.0,0.0,
2019-01-17 21:06:35 UTC,17169,79.0,24.8,381.0,2.0,0.0,
2019-01-17 21:16:35 UTC,17170,156.0,24.8,381.0,2.0,0.0,
2019-01-17 21:26:35 UTC,17171,137.0,24.85,381.0,2.0,0.0,
2019-01-17 21:36:35 UTC,17172,115.0,24.85,379.0,2.0,0.0,
2019-01-17 21:46:35 UTC,17173,125.0,24.9,381.0,2.0,0.0,
2019-01-17 21:56:35 UTC,17174,95.0,24.9,384.0,2.0,0.0,
2019-01-17 22:06:35 UTC,17175,79.0,24.96,379.0,2.0,0.0,
2019-01-17 22:16:34 UTC,17176,68.0,24.96,378.0,2.0,0.0,
2019-01-17 22:26:34 UTC,17177,41.0,24.96,383.0,2.0,0.0,
2019-01-17 22:36:34 UTC,17178,21.0,24.9,381.0,2.0,0.0,
2019-01-17 22:46:34 UTC,17179,13.0,24.85,380.0,2.0,0.0,
2019-01-17 22:56:33 UTC,17180,6.0,24.8,384.0,2.0,0.0,
2019-01-17 23:06:33 UTC,17181,14.0,24.74,384.0,2.0,0.0,
2019-01-17 23:16:32 UTC,17182,0.0,24.69,385.0,2.0,0.0,
2019-01-17 23:26:32 UTC,17183,0.0,24.58,382.0,2.0,0.0,
2019-01-17 23:36:31 UTC,17184,0.0,24.53,384.0,2.0,0.0,
2019-01-17 23:46:30 UTC,17185,0.0,24.47,381.0,2.0,0.0,
2019-01-17 23:56:29 UTC,17186,0.0,24.42,383.0,2.0,0.0,
2019-01-18 00:06:29 UTC,17187,0.0,24.36,380.0,2.0,0.0,
2019-01-18 00:16:28 UTC,17188,0.0,24.31,383.0,2.0,0.0,
2019-01-18 00:26:27 UTC,17189,0.0,24.31,383.0,2.0,0.0,
2019-01-18 00:36:26 UTC,17190,0.0,24.26,380.0,2.0,0.0,
2019-01-18 00:46:25 UTC,17191,0.0,24.2,381.0,2.0,0.0,
2019-01-18 00:56:24 UTC,17192,0.0,24.15,384.0,2.0,0.0,
2019-01-18 01:06:24 UTC,17193,0.0,24.04,383.0,2.0,0.0,
2019-01-18 01:16:22 UTC,17194,0.0,23.98,380.0,2.0,0.0,
2019-01-18 01:26:21 UTC,17195,0.0,23.98,382.0,2.0,0.0,
2019-01-18 01:36:20 UTC,17196,0.0,23.88,384.0,2.0,0.0,
2019-01-18 01:46:19 UTC,17197,0.0,23.82,382.0,2.0,0.0,
2019-01-18 01:56:18 UTC,17198,0.0,23.77,382.0,2.0,0.0,
2019-01-18 02:06:17 UTC,17199,0.0,23.77,380.0,2.0,0.0,
2019-01-18 02:16:16 UTC,17200,0.0,23.71,387.0,2.0,0.0,
2019-01-18 02:26:15 UTC,17201,0.0,23.66,383.0,2.0,0.0,
2019-01-18 02:36:14 UTC,17202,0.0,23.66,385.0,2.0,0.0,
2019-01-18 02:46:13 UTC,17203,0.0,23.61,384.0,2.0,0.0,
2019-01-18 02:56:12 UTC,17204,0.0,23.55,382.0,2.0,0.0,
2019-01-18 03:06:11 UTC,17205,0.0,23.55,381.0,2.0,0.0,
2019-01-18 03:16:10 UTC,17206,0.0,23.5,381.0,2.0,0.0,
2019-01-18 03:26:08 UTC,17207,0.0,23.5,386.0,2.0,0.0,
2019-01-18 03:36:07 UTC,17208,0.0,23.39,381.0,2.0,0.0,
2019-01-18 03:46:06 UTC,17209,0.0,23.39,384.0,2.0,0.0,
2019-01-18 03:56:05 UTC,17210,0.0,23.34,383.0,2.0,0.0,
2019-01-18 04:06:04 UTC,17211,0.0,23.28,384.0,2.0,0.0,
2019-01-18 04:16:02 UTC,17212,0.0,23.17,383.0,2.0,0.0,
2019-01-18 04:26:01 UTC,17213,0.0,23.12,381.0,2.0,0.0,
2019-01-18 04:36:00 UTC,17214,0.0,23.07,383.0,2.0,0.0,
2019-01-18 04:45:58 UTC,17215,0.0,23.01,381.0,2.0,0.0,
2019-01-18 04:55:57 UTC,17216,0.0,22.9,389.0,2.0,0.0,
2019-01-18 05:05:55 UTC,17217,0.0,22.9,386.0,2.0,0.0,
2019-01-18 05:15:54 UTC,17218,0.0,22.85,384.0,2.0,0.0,
2019-01-18 05:25:52 UTC,17219,0.0,22.8,383.0,2.0,0.0,
2019-01-18 05:35:51 UTC,17220,0.0,22.74,384.0,2.0,0.0,
2019-01-18 05:45:49 UTC,17221,0.0,22.69,382.0,2.0,0.0,
2019-01-18 05:55:48 UTC,17222,0.0,22.58,382.0,2.0,0.0,
2019-01-18 06:05:46 UTC,17223,0.0,22.52,389.0,1.0,0.0,
2019-01-18 06:15:45 UTC,17224,0.0,22.47,385.0,2.0,0.0,
2019-01-18 06:25:43 UTC,17225,0.0,22.47,381.0,2.0,0.0,
2019-01-18 06:35:41 UTC,17226,0.0,22.42,388.0,2.0,0.0,
2019-01-18 06:45:40 UTC,17227,0.0,22.42,389.0,2.0,0.0,
2019-01-18 06:55:38 UTC,17228,0.0,22.36,385.0,2.0,0.0,
2019-01-18 07:05:37 UTC,17229,0.0,22.31,387.0,2.0,0.0,
2019-01-18 07:15:35 UTC,17230,0.0,22.31,383.0,2.0,0.0,
2019-01-18 07:25:34 UTC,17231,0.0,22.25,382.0,2.0,0.0,
2019-01-18 07:35:32 UTC,17232,0.0,22.25,388.0,2.0,0.0,
2019-01-18 07:45:30 UTC,17233,0.0,22.25,388.0,2.0,0.0,
2019-01-18 07:55:29 UTC,17234,0.0,22.2,383.0,2.0,0.0,
2019-01-18 08:05:27 UTC,17235,0.0,22.25,387.0,2.0,0.0,
2019-01-18 08:15:26 UTC,17236,0.0,22.2,388.0,2.0,0.0,
2019-01-18 08:25:24 UTC,17237,0.0,22.2,386.0,2.0,0.0,
2019-01-18 08:35:23 UTC,17238,0.0,22.25,383.0,2.0,0.0,
2019-01-18 08:45:22 UTC,17239,0.0,22.25,385.0,2.0,0.0,
2019-01-18 08:55:20 UTC,17240,0.0,22.25,387.0,2.0,0.0,
2019-01-18 09:05:19 UTC,17241,0.0,22.25,384.0,2.0,0.0,
2019-01-18 09:15:17 UTC,17242,0.0,22.25,387.0,2.0,0.0,
2019-01-18 09:25:16 UTC,17243,0.0,22.25,388.0,2.0,0.0,
2019-01-18 09:35:15 UTC,17244,0.0,22.25,386.0,2.0,0.0,
2019-01-18 09:45:13 UTC,17245,0.0,22.25,387.0,2.0,0.0,
2019-01-18 09:55:12 UTC,17246,0.0,22.2,383.0,2.0,0.0,
2019-01-18 10:05:10 UTC,17247,0.0,22.2,388.0,2.0,0.0,
2019-01-18 10:15:09 UTC,17248,0.0,22.25,383.0,2.0,0.0,
2019-01-18 10:25:08 UTC,17249,0.0,22.25,388.0,2.0,0.0,
2019-01-18 10:35:06 UTC,17250,0.0,22.2,388.0,2.0,0.0,
2019-01-18 10:45:05 UTC,17251,0.0,22.2,388.0,2.0,0.0,
2019-01-18 10:55:03 UTC,17252,0.0,22.2,385.0,2.0,0.0,
2019-01-18 11:05:02 UTC,17253,0.0,22.15,383.0,2.0,0.0,
2019-01-18 11:15:00 UTC,17254,0.0,22.2,386.0,2.0,0.0,
2019-01-18 11:24:59 UTC,17255,0.0,22.15,385.0,2.0,0.0,
2019-01-18 11:34:57 UTC,17256,14.0,22.09,383.0,2.0,0.0,
2019-01-18 11:44:56 UTC,17257,4.0,22.09,387.0,2.0,0.0,
2019-01-18 11:54:54 UTC,17258,0.0,22.09,385.0,2.0,0.0,
2019-01-18 12:04:52 UTC,17259,0.0,22.04,388.0,2.0,0.0,
2019-01-18 12:14:51 UTC,17260,19.0,22.04,385.0,2.0,0.0,
2019-01-18 12:24:49 UTC,17261,27.0,21.98,383.0,2.0,0.0,
2019-01-18 12:34:47 UTC,17262,31.0,21.98,384.0,2.0,0.0,
2019-01-18 12:44:46 UTC,17263,24.0,21.98,386.0,1.0,0.0,
2019-01-18 12:54:44 UTC,17264,38.0,21.93,390.0,2.0,0.0,
2019-01-18 13:04:42 UTC,17265,72.0,21.93,390.0,2.0,0.0,
2019-01-18 13:14:41 UTC,17266,64.0,21.93,383.0,2.0,0.0,
2019-01-18 13:24:39 UTC,17267,73.0,21.93,387.0,2.0,0.0,
2019-01-18 13:34:37 UTC,17268,91.0,21.93,388.0,2.0,0.0,
2019-01-18 13:44:36 UTC,17269,127.0,21.93,387.0,2.0,0.0,
2019-01-18 13:54:34 UTC,17270,143.0,21.98,388.0,2.0,0.0,
2019-01-18 14:04:32 UTC,17271,162.0,22.04,387.0,2.0,0.0,
2019-01-18 14:14:31 UTC,17272,251.0,22.15,388.0,2.0,0.0,
2019-01-18 14:24:30 UTC,17273,208.0,22.25,384.0,2.0,0.0,
2019-01-18 14:34:28 UTC,17274,296.0,22.36,389.0,1.0,0.0,
2019-01-18 14:44:27 UTC,17275,129.0,22.47,384.0,2.0,0.0,
2019-01-18 14:54:26 UTC,17276,124.0,22.52,389.0,2.0,0.0,
2019-01-18 15:04:25 UTC,17277,150.0,22.52,383.0,2.0,0.0,
2019-01-18 15:14:24 UTC,17278,168.0,22.58,387.0,2.0,0.0,
2019-01-18 15:24:46 UTC,17279,183.0,22.63,391.0,2.0,1.0,
2019-01-18 15:34:45 UTC,17280,238.0,22.69,378.0,2.0,0.0,
2019-01-18 15:44:44 UTC,17281,216.0,22.74,376.0,2.0,0.0,
2019-01-18 15:54:43 UTC,17282,176.0,22.8,380.0,2.0,0.0,
2019-01-18 16:04:42 UTC,17283,187.0,22.85,377.0,1.0,0.0,
2019-01-18 16:14:41 UTC,17284,238.0,22.9,376.0,2.0,0.0,
2019-01-18 16:24:40 UTC,17285,214.0,22.96,379.0,1.0,0.0,
2019-01-18 16:34:39 UTC,17286,342.0,23.07,374.0,2.0,0.0,
2019-01-18 16:44:38 UTC,17287,205.0,23.17,378.0,2.0,0.0,
2019-01-18 16:54:37 UTC,17288,197.0,23.23,377.0,1.0,0.0,
2019-01-18 17:04:37 UTC,17289,234.0,23.28,375.0,1.0,0.0,
2019-01-18 17:14:36 UTC,17290,272.0,23.39,377.0,1.0,0.0,
2019-01-18 17:24:35 UTC,17291,298.0,23.44,374.0,2.0,0.0,
2019-01-18 17:34:35 UTC,17292,172.0,23.5,379.0,1.0,0.0,
2019-01-18 17:44:34 UTC,17293,196.0,23.55,375.0,1.0,0.0,
2019-01-18 17:54:34 UTC,17294,192.0,23.61,380.0,1.0,0.0,
2019-01-18 18:04:33 UTC,17295,217.0,23.71,377.0,2.0,0.0,
2019-01-18 18:14:33 UTC,17296,214.0,23.77,375.0,1.0,0.0,
2019-01-18 18:24:32 UTC,17297,168.0,23.82,376.0,1.0,0.0,
2019-01-18 18:34:32 UTC,17298,222.0,23.93,376.0,2.0,0.0,
2019-01-18 18:44:32 UTC,17299,232.0,23.98,375.0,1.0,0.0,
2019-01-18 18:54:31 UTC,17300,212.0,24.04,376.0,1.0,0.0,
2019-01-18 19:04:31 UTC,17301,259.0,24.09,379.0,1.0,0.0,
2019-01-18 19:14:31 UTC,17302,237.0,24.15,377.0,1.0,0.0,
2019-01-18 19:24:31 UTC,17303,253.0,24.26,381.0,2.0,0.0,
2019-01-18 19:34:31 UTC,17304,226.0,24.31,380.0,1.0,0.0,
2019-01-18 19:44:30 UTC,17305,205.0,24.31,382.0,1.0,0.0,
2019-01-18 19:54:30 UTC,17306,183.0,24.31,378.0,1.0,0.0,
2019-01-18 20:04:30 UTC,17307,256.0,24.36,380.0,1.0,0.0,
2019-01-18 20:14:30 UTC,17308,242.0,24.42,380.0,1.0,0.0,
2019-01-18 20:24:30 UTC,17309,224.0,24.47,378.0,1.0,0.0,
2019-01-18 20:34:30 UTC,17310,208.0,24.47,381.0,2.0,0.0,
2019-01-18 20:44:30 UTC,17311,126.0,24.53,381.0,2.0,0.0,
2019-01-18 20:54:30 UTC,17312,116.0,24.53,377.0,1.0,0.0,
2019-01-18 21:04:30 UTC,17313,139.0,24.53,377.0,2.0,0.0,
2019-01-18 21:14:29 UTC,17314,115.0,24.53,381.0,2.0,0.0,
2019-01-18 21:24:29 UTC,17315,88.0,24.53,382.0,1.0,0.0,
2019-01-18 21:34:29 UTC,17316,67.0,24.47,380.0,1.0,0.0,
2019-01-18 21:44:28 UTC,17317,101.0,24.47,383.0,1.0,0.0,
2019-01-18 21:54:28 UTC,17318,106.0,24.47,381.0,1.0,0.0,
2019-01-18 22:04:28 UTC,17319,83.0,24.47,379.0,2.0,0.0,
2019-01-18 22:14:27 UTC,17320,77.0,24.47,382.0,1.0,0.0,
2019-01-18 22:24:27 UTC,17321,60.0,24.47,377.0,1.0,0.0,
2019-01-18 22:34:26 UTC,17322,41.0,24.47,378.0,1.0,0.0,
2019-01-18 22:44:26 UTC,17323,44.0,24.47,381.0,2.0,0.0,
2019-01-18 22:54:25 UTC,17324,4.0,24.42,383.0,1.0,0.0,
2019-01-18 23:04:25 UTC,17325,6.0,24.42,377.0,2.0,0.0,
2019-01-18 23:14:24 UTC,17326,14.0,24.36,384.0,2.0,0.0,
2019-01-18 23:24:23 UTC,17327,0.0,24.31,382.0,1.0,0.0,
2019-01-18 23:34:22 UTC,17328,0.0,24.26,381.0,1.0,0.0,
2019-01-18 23:44:22 UTC,17329,0.0,24.2,380.0,1.0,0.0,
2019-01-18 23:54:21 UTC,17330,0.0,24.15,382.0,2.0,0.0,
2019-01-19 00:04:20 UTC,17331,0.0,24.04,377.0,1.0,0.0,
2019-01-19 00:14:19 UTC,17332,0.0,23.98,378.0,1.0,0.0,
2019-01-19 00:24:18 UTC,17333,0.0,23.93,381.0,1.0,0.0,
2019-01-19 00:34:17 UTC,17334,0.0,23.88,377.0,1.0,0.0,
2019-01-19 00:44:15 UTC,17335,0.0,23.82,382.0,1.0,0.0,
2019-01-19 00:54:14 UTC,17336,0.0,23.77,384.0,2.0,0.0,
2019-01-19 01:04:13 UTC,17337,0.0,23.66,381.0,1.0,0.0,
2019-01-19 01:14:12 UTC,17338,0.0,23.61,383.0,1.0,0.0,
2019-01-19 01:24:10 UTC,17339,0.0,23.55,383.0,2.0,0.0,
2019-01-19 01:34:09 UTC,17340,0.0,23.5,382.0,1.0,0.0,
2019-01-19 01:44:08 UTC,17341,0.0,23.44,380.0,1.0,0.0,
2019-01-19 01:54:07 UTC,17342,0.0,23.39,382.0,1.0,0.0,
2019-01-19 02:04:05 UTC,17343,0.0,23.34,382.0,2.0,0.0,
2019-01-19 02:14:04 UTC,17344,0.0,23.28,382.0,1.0,0.0,
2019-01-19 02:24:03 UTC,17345,0.0,23.23,383.0,2.0,0.0,
2019-01-19 02:34:01 UTC,17346,0.0,23.23,386.0,1.0,0.0,
2019-01-19 02:44:00 UTC,17347,0.0,23.17,380.0,1.0,0.0,
2019-01-19 02:53:59 UTC,17348,0.0,23.12,384.0,1.0,0.0,
2019-01-19 03:03:57 UTC,17349,0.0,23.12,381.0,2.0,0.0,
2019-01-19 03:13:56 UTC,17350,0.0,23.07,378.0,1.0,0.0,
2019-01-19 03:23:55 UTC,17351,0.0,23.01,384.0,2.0,0.0,
2019-01-19 03:33:53 UTC,17352,0.0,22.96,379.0,1.0,0.0,
2019-01-19 03:43:52 UTC,17353,0.0,22.96,383.0,1.0,0.0,
2019-01-19 03:53:51 UTC,17354,0.0,22.9,380.0,1.0,0.0,
2019-01-19 04:03:49 UTC,17355,0.0,22.9,380.0,1.0,0.0,
2019-01-19 04:13:48 UTC,17356,0.0,22.85,379.0,2.0,0.0,
2019-01-19 04:23:46 UTC,17357,0.0,22.8,380.0,1.0,0.0,
2019-01-19 04:33:45 UTC,17358,0.0,22.8,379.0,1.0,0.0,
2019-01-19 04:43:44 UTC,17359,0.0,22.74,383.0,1.0,0.0,
2019-01-19 04:53:42 UTC,17360,0.0,22.74,379.0,1.0,0.0,
2019-01-19 05:03:41 UTC,17361,0.0,22.69,380.0,1.0,0.0,
2019-01-19 05:13:39 UTC,17362,0.0,22.69,380.0,2.0,0.0,
2019-01-19 05:23:38 UTC,17363,0.0,22.69,382.0,1.0,0.0,
2019-01-19 05:33:37 UTC,17364,0.0,22.63,383.0,1.0,0.0,
2019-01-19 05:43:35 UTC,17365,0.0,22.63,383.0,1.0,0.0,
2019-01-19 05:53:34 UTC,17366,0.0,22.63,383.0,1.0,0.0,
2019-01-19 06:03:32 UTC,17367,0.0,22.58,380.0,1.0,0.0,
2019-01-19 06:13:31 UTC,17368,0.0,22.52,380.0,1.0,0.0,
2019-01-19 06:23:29 UTC,17369,0.0,22.52,382.0,2.0,0.0,
2019-01-19 06:33:28 UTC,17370,0.0,22.47,380.0,1.0,0.0,
2019-01-19 06:43:26 UTC,17371,0.0,22.42,385.0,2.0,0.0,
2019-01-19 06:53:25 UTC,17372,0.0,22.42,381.0,1.0,0.0,
2019-01-19 07:03:23 UTC,17373,0.0,22.36,382.0,1.0,0.0,
2019-01-19 07:13:22 UTC,17374,0.0,22.31,383.0,1.0,0.0,
2019-01-19 07:23:20 UTC,17375,0.0,22.31,380.0,1.0,0.0,
2019-01-19 07:33:19 UTC,17376,0.0,22.25,383.0,1.0,0.0,
2019-01-19 07:43:17 UTC,17377,0.0,22.25,385.0,2.0,0.0,
2019-01-19 07:53:15 UTC,17378,0.0,22.2,382.0,1.0,0.0,
2019-01-19 08:03:14 UTC,17379,0.0,22.2,382.0,1.0,0.0,
2019-01-19 08:13:12 UTC,17380,0.0,22.2,382.0,1.0,0.0,
2019-01-19 08:23:11 UTC,17381,0.0,22.15,387.0,1.0,0.0,
2019-01-19 08:33:09 UTC,17382,0.0,22.15,388.0,2.0,0.0,
2019-01-19 08:43:08 UTC,17383,0.0,22.15,387.0,1.0,0.0,
2019-01-19 08:53:06 UTC,17384,0.0,22.09,381.0,1.0,0.0,
2019-01-19 09:03:04 UTC,17385,0.0,22.09,383.0,1.0,0.0,
2019-01-19 09:13:03 UTC,17386,0.0,22.09,384.0,1.0,0.0,
2019-01-19 09:23:01 UTC,17387,0.0,22.09,384.0,2.0,0.0,
2019-01-19 09:33:00 UTC,17388,0.0,22.09,382.0,1.0,0.0,
2019-01-19 09:42:58 UTC,17389,0.0,22.04,382.0,1.0,0.0,
2019-01-19 09:52:57 UTC,17390,0.0,22.04,388.0,2.0,0.0,
2019-01-19 10:02:55 UTC,17391,0.0,22.04,382.0,1.0,0.0,
2019-01-19 10:12:54 UTC,17392,0.0,22.04,388.0,2.0,0.0,
2019-01-19 10:22:52 UTC,17393,0.0,22.04,381.0,1.0,0.0,
2019-01-19 10:32:51 UTC,17394,0.0,22.04,381.0,1.0,0.0,
2019-01-19 10:42:49 UTC,17395,0.0,21.98,386.0,1.0,0.0,
2019-01-19 10:52:48 UTC,17396,0.0,21.98,383.0,1.0,0.0,
2019-01-19 11:02:46 UTC,17397,0.0,21.98,381.0,1.0,0.0,
2019-01-19 11:12:45 UTC,17398,14.0,21.93,389.0,1.0,0.0,
2019-01-19 11:22:43 UTC,17399,6.0,21.88,383.0,1.0,0.0,
2019-01-19 11:32:42 UTC,17400,13.0,21.88,382.0,1.0,0.0,
2019-01-19 11:42:40 UTC,17401,19.0,21.82,383.0,2.0,0.0,
2019-01-19 11:52:39 UTC,17402,15.0,21.82,386.0,1.0,0.0,
2019-01-19 12:02:37 UTC,17403,26.0,21.82,387.0,1.0,0.0,
2019-01-19 12:12:35 UTC,17404,15.0,21.82,383.0,1.0,0.0,
2019-01-19 12:22:34 UTC,17405,32.0,21.88,384.0,1.0,0.0,
2019-01-19 12:32:32 UTC,17406,62.0,21.88,385.0,1.0,0.0,
2019-01-19 12:42:30 UTC,17407,73.0,21.93,383.0,1.0,0.0,
2019-01-19 12:52:29 UTC,17408,81.0,21.93,387.0,1.0,0.0,
2019-01-19 13:02:27 UTC,17409,62.0,22.09,383.0,1.0,0.0,
2019-01-19 13:12:26 UTC,17410,57.0,22.15,388.0,1.0,0.0,
2019-01-19 13:22:24 UTC,17411,96.0,22.2,382.0,1.0,0.0,
2019-01-19 13:32:23 UTC,17412,65.0,22.2,382.0,1.0,0.0,
2019-01-19 13:42:22 UTC,17413,46.0,22.2,383.0,1.0,0.0,
2019-01-19 13:52:20 UTC,17414,50.0,22.25,386.0,1.0,0.0,
2019-01-19 14:02:19 UTC,17415,64.0,22.25,390.0,1.0,0.0,
2019-01-19 14:12:18 UTC,17416,91.0,22.31,390.0,2.0,0.0,
2019-01-19 14:22:16 UTC,17417,108.0,22.36,390.0,1.0,0.0,
2019-01-19 14:32:15 UTC,17418,137.0,22.36,382.0,1.0,0.0,
2019-01-19 14:42:15 UTC,17419,142.0,22.42,381.0,2.0,0.0,
2019-01-19 14:52:13 UTC,17420,157.0,22.47,386.0,1.0,0.0,
2019-01-19 15:02:12 UTC,17421,148.0,22.58,385.0,2.0,0.0,
2019-01-19 15:12:11 UTC,17422,167.0,22.63,386.0,1.0,0.0,
2019-01-19 15:22:09 UTC,17423,120.0,22.63,386.0,1.0,0.0,
2019-01-19 15:32:08 UTC,17424,116.0,22.69,387.0,1.0,0.0,
2019-01-19 15:42:08 UTC,17425,138.0,22.74,382.0,1.0,0.0,
2019-01-19 15:52:06 UTC,17426,163.0,22.85,384.0,1.0,0.0,
2019-01-19 16:02:05 UTC,17427,188.0,22.9,384.0,1.0,0.0,
2019-01-19 16:12:05 UTC,17428,194.0,22.96,383.0,1.0,0.0,
2019-01-19 16:22:04 UTC,17429,264.0,23.01,388.0,1.0,0.0,
2019-01-19 16:32:03 UTC,17430,278.0,23.17,385.0,1.0,0.0,
2019-01-19 16:42:03 UTC,17431,251.0,23.28,384.0,2.0,0.0,
2019-01-19 16:52:02 UTC,17432,261.0,23.34,387.0,2.0,0.0,
2019-01-19 17:02:01 UTC,17433,247.0,23.5,386.0,1.0,0.0,
2019-01-19 17:12:01 UTC,17434,242.0,23.61,390.0,1.0,0.0,
2019-01-19 17:22:01 UTC,17435,132.0,23.71,389.0,1.0,0.0,
2019-01-19 17:32:01 UTC,17436,134.0,23.82,388.0,2.0,0.0,
2019-01-19 17:42:00 UTC,17437,162.0,23.88,384.0,1.0,0.0,
2019-01-19 17:52:00 UTC,17438,283.0,23.98,385.0,1.0,0.0,
2019-01-19 18:02:00 UTC,17439,170.0,24.04,390.0,1.0,0.0,
2019-01-19 18:11:59 UTC,17440,193.0,24.09,390.0,1.0,0.0,
2019-01-19 18:21:59 UTC,17441,168.0,24.15,388.0,1.0,0.0,
2019-01-19 18:31:59 UTC,17442,174.0,24.2,390.0,1.0,0.0,
2019-01-19 18:42:22 UTC,17443,213.0,24.26,391.0,2.0,1.0,
2019-01-19 18:52:22 UTC,17444,218.0,24.26,375.0,1.0,0.0,
2019-01-19 19:02:21 UTC,17445,160.0,24.36,378.0,1.0,0.0,
2019-01-19 19:12:21 UTC,17446,137.0,24.36,378.0,1.0,0.0,
2019-01-19 19:22:21 UTC,17447,143.0,24.47,380.0,1.0,0.0,
2019-01-19 19:32:21 UTC,17448,143.0,24.47,375.0,1.0,0.0,
2019-01-19 19:42:21 UTC,17449,142.0,24.53,375.0,1.0,0.0,
2019-01-19 19:52:21 UTC,17450,245.0,24.58,381.0,1.0,0.0,
2019-01-19 20:02:20 UTC,17451,219.0,24.58,380.0,1.0,0.0,
2019-01-19 20:12:20 UTC,17452,184.0,24.58,378.0,1.0,0.0,
2019-01-19 20:22:20 UTC,17453,189.0,24.63,377.0,1.0,0.0,
2019-01-19 20:32:20 UTC,17454,195.0,24.69,377.0,1.0,0.0,
2019-01-19 20:42:20 UTC,17455,198.0,24.8,381.0,2.0,0.0,
2019-01-19 20:52:20 UTC,17456,111.0,24.8,381.0,1.0,0.0,
2019-01-19 21:02:21 UTC,17457,210.0,24.85,380.0,1.0,0.0,
2019-01-19 21:12:21 UTC,17458,176.0,24.9,377.0,1.0,0.0,
2019-01-19 21:22:21 UTC,17459,150.0,24.96,378.0,1.0,0.0,
2019-01-19 21:32:21 UTC,17460,122.0,24.96,380.0,1.0,0.0,
2019-01-19 21:42:21 UTC,17461,125.0,24.96,377.0,1.0,0.0,
2019-01-19 21:52:21 UTC,17462,137.0,25.01,378.0,1.0,0.0,
2019-01-19 22:02:21 UTC,17463,119.0,25.01,378.0,1.0,0.0,
2019-01-19 22:12:21 UTC,17464,61.0,25.01,378.0,1.0,0.0,
2019-01-19 22:22:21 UTC,17465,58.0,25.01,382.0,2.0,0.0,
2019-01-19 22:32:21 UTC,17466,35.0,24.96,376.0,1.0,0.0,
2019-01-19 22:42:21 UTC,17467,26.0,24.96,379.0,1.0,0.0,
2019-01-19 22:52:20 UTC,17468,4.0,24.96,378.0,1.0,0.0,
2019-01-19 23:02:20 UTC,17469,6.0,24.9,376.0,1.0,0.0,
2019-01-19 23:12:20 UTC,17470,0.0,24.85,380.0,1.0,0.0,
2019-01-19 23:22:19 UTC,17471,0.0,24.8,375.0,1.0,0.0,
2019-01-19 23:32:19 UTC,17472,0.0,24.74,378.0,1.0,0.0,
2019-01-19 23:42:18 UTC,17473,0.0,24.69,380.0,1.0,0.0,
2019-01-19 23:52:18 UTC,17474,0.0,24.58,377.0,1.0,0.0,
2019-01-20 00:02:17 UTC,17475,0.0,24.53,381.0,1.0,0.0,
2019-01-20 00:12:16 UTC,17476,0.0,24.47,375.0,1.0,0.0,
2019-01-20 00:22:15 UTC,17477,0.0,24.36,381.0,1.0,0.0,
2019-01-20 00:32:14 UTC,17478,0.0,24.31,380.0,1.0,0.0,
2019-01-20 00:42:13 UTC,17479,0.0,24.26,381.0,1.0,0.0,
2019-01-20 00:52:12 UTC,17480,0.0,24.26,377.0,1.0,0.0,
2019-01-20 01:02:11 UTC,17481,0.0,24.2,376.0,1.0,0.0,
2019-01-20 01:12:10 UTC,17482,0.0,24.15,380.0,1.0,0.0,
2019-01-20 01:22:09 UTC,17483,0.0,24.15,380.0,1.0,0.0,
2019-01-20 01:32:08 UTC,17484,0.0,24.09,380.0,1.0,0.0,
2019-01-20 01:42:07 UTC,17485,0.0,24.04,381.0,2.0,0.0,
2019-01-20 01:52:06 UTC,17486,0.0,23.98,382.0,1.0,0.0,
2019-01-20 02:02:05 UTC,17487,0.0,23.93,381.0,1.0,0.0,
2019-01-20 02:12:04 UTC,17488,0.0,23.88,380.0,1.0,0.0,
2019-01-20 02:22:03 UTC,17489,0.0,23.82,383.0,1.0,0.0,
2019-01-20 02:32:02 UTC,17490,0.0,23.82,378.0,1.0,0.0,
2019-01-20 02:42:01 UTC,17491,0.0,23.77,381.0,1.0,0.0,
2019-01-20 02:52:00 UTC,17492,0.0,23.71,382.0,1.0,0.0,
2019-01-20 03:01:59 UTC,17493,0.0,23.71,380.0,1.0,0.0,
2019-01-20 03:11:59 UTC,17494,0.0,23.66,383.0,1.0,0.0,
2019-01-20 03:21:58 UTC,17495,0.0,23.61,382.0,1.0,0.0,
2019-01-20 03:31:57 UTC,17496,0.0,23.61,379.0,1.0,0.0,
2019-01-20 03:41:56 UTC,17497,0.0,23.61,383.0,1.0,0.0,
2019-01-20 03:51:55 UTC,17498,0.0,23.61,383.0,1.0,0.0,
2019-01-20 04:01:54 UTC,17499,0.0,23.55,382.0,1.0,0.0,
2019-01-20 04:11:53 UTC,17500,0.0,23.55,380.0,1.0,0.0,
2019-01-20 04:21:52 UTC,17501,0.0,23.5,383.0,1.0,0.0,
2019-01-20 04:31:51 UTC,17502,0.0,23.5,381.0,1.0,0.0,
2019-01-20 04:41:50 UTC,17503,0.0,23.44,381.0,1.0,0.0,
2019-01-20 04:51:49 UTC,17504,0.0,23.44,381.0,1.0,0.0,
2019-01-20 05:01:48 UTC,17505,0.0,23.39,378.0,1.0,0.0,
2019-01-20 05:11:47 UTC,17506,0.0,23.34,379.0,1.0,0.0,
2019-01-20 05:21:46 UTC,17507,0.0,23.34,381.0,1.0,0.0,
2019-01-20 05:31:45 UTC,17508,0.0,23.28,380.0,1.0,0.0,
2019-01-20 05:41:44 UTC,17509,0.0,23.23,384.0,1.0,0.0,
2019-01-20 05:51:43 UTC,17510,0.0,23.23,384.0,1.0,0.0,
2019-01-20 06:01:42 UTC,17511,0.0,23.17,378.0,1.0,0.0,
2019-01-20 06:11:41 UTC,17512,0.0,23.17,378.0,1.0,0.0,
2019-01-20 06:21:39 UTC,17513,0.0,23.17,382.0,1.0,0.0,
2019-01-20 06:31:38 UTC,17514,0.0,23.17,383.0,1.0,0.0,
2019-01-20 06:41:38 UTC,17515,0.0,23.12,382.0,1.0,0.0,
2019-01-20 06:51:36 UTC,17516,0.0,23.12,380.0,1.0,0.0,
2019-01-20 07:01:35 UTC,17517,0.0,23.12,381.0,1.0,0.0,
2019-01-20 07:11:34 UTC,17518,0.0,23.07,383.0,1.0,0.0,
2019-01-20 07:21:32 UTC,17519,0.0,23.07,384.0,1.0,0.0,
2019-01-20 07:31:31 UTC,17520,0.0,23.07,380.0,1.0,0.0,
2019-01-20 07:41:30 UTC,17521,0.0,23.07,384.0,1.0,0.0,
2019-01-20 07:51:29 UTC,17522,0.0,23.01,383.0,1.0,0.0,
2019-01-20 08:01:28 UTC,17523,0.0,23.01,386.0,1.0,0.0,
2019-01-20 08:11:27 UTC,17524,0.0,23.01,379.0,2.0,0.0,
2019-01-20 08:21:25 UTC,17525,0.0,23.01,382.0,1.0,0.0,
2019-01-20 08:31:24 UTC,17526,0.0,23.01,386.0,1.0,0.0,
2019-01-20 08:41:23 UTC,17527,0.0,23.01,383.0,1.0,0.0,
2019-01-20 08:51:22 UTC,17528,0.0,22.96,379.0,2.0,0.0,
2019-01-20 09:01:21 UTC,17529,0.0,22.96,383.0,1.0,0.0,
2019-01-20 09:11:19 UTC,17530,0.0,22.96,383.0,1.0,0.0,
2019-01-20 09:21:18 UTC,17531,0.0,22.96,380.0,1.0,0.0,
2019-01-20 09:31:17 UTC,17532,0.0,22.96,382.0,1.0,0.0,
2019-01-20 09:41:16 UTC,17533,0.0,22.96,380.0,1.0,0.0,
2019-01-20 09:51:15 UTC,17534,0.0,22.96,380.0,1.0,0.0,
2019-01-20 10:01:14 UTC,17535,0.0,22.96,379.0,1.0,0.0,
2019-01-20 10:11:12 UTC,17536,0.0,22.9,380.0,1.0,0.0,
2019-01-20 10:21:11 UTC,17537,0.0,22.9,381.0,1.0,0.0,
2019-01-20 10:31:10 UTC,17538,0.0,22.9,380.0,1.0,0.0,
2019-01-20 10:41:09 UTC,17539,0.0,22.85,382.0,1.0,0.0,
2019-01-20 10:51:08 UTC,17540,0.0,22.8,381.0,1.0,0.0,
2019-01-20 11:01:06 UTC,17541,0.0,22.8,380.0,1.0,0.0,
2019-01-20 11:11:05 UTC,17542,0.0,22.74,381.0,1.0,0.0,
2019-01-20 11:21:04 UTC,17543,14.0,22.69,385.0,1.0,0.0,
2019-01-20 11:31:02 UTC,17544,0.0,22.69,386.0,1.0,0.0,
2019-01-20 11:41:01 UTC,17545,4.0,22.69,385.0,1.0,0.0,
2019-01-20 11:51:00 UTC,17546,7.0,22.63,382.0,1.0,0.0,
2019-01-20 12:00:58 UTC,17547,33.0,22.63,380.0,1.0,0.0,
2019-01-20 12:10:57 UTC,17548,42.0,22.63,383.0,1.0,0.0,
2019-01-20 12:20:56 UTC,17549,69.0,22.58,380.0,1.0,0.0,
2019-01-20 12:30:54 UTC,17550,81.0,22.58,381.0,1.0,0.0,
2019-01-20 12:40:53 UTC,17551,83.0,22.58,381.0,1.0,0.0,
2019-01-20 12:50:51 UTC,17552,92.0,22.63,380.0,1.0,0.0,
2019-01-20 13:00:50 UTC,17553,100.0,22.63,384.0,1.0,0.0,
2019-01-20 13:10:48 UTC,17554,112.0,22.69,381.0,1.0,0.0,
2019-01-20 13:20:47 UTC,17555,91.0,22.74,382.0,1.0,0.0,
2019-01-20 13:30:46 UTC,17556,142.0,22.74,384.0,1.0,0.0,
2019-01-20 13:40:44 UTC,17557,162.0,22.8,383.0,1.0,0.0,
2019-01-20 13:50:43 UTC,17558,106.0,22.85,381.0,1.0,0.0,
2019-01-20 14:00:42 UTC,17559,103.0,22.85,380.0,1.0,0.0,
2019-01-20 14:10:41 UTC,17560,141.0,22.9,385.0,1.0,0.0,
2019-01-20 14:20:39 UTC,17561,315.0,22.96,384.0,1.0,0.0,
2019-01-20 14:30:38 UTC,17562,281.0,23.01,380.0,1.0,0.0,
2019-01-20 14:40:37 UTC,17563,219.0,23.12,383.0,1.0,0.0,
2019-01-20 14:50:36 UTC,17564,191.0,23.17,383.0,1.0,0.0,
2019-01-20 15:00:35 UTC,17565,269.0,23.28,385.0,1.0,0.0,
2019-01-20 15:10:34 UTC,17566,184.0,23.34,384.0,1.0,0.0,
2019-01-20 15:20:34 UTC,17567,146.0,23.34,385.0,1.0,0.0,
2019-01-20 15:30:33 UTC,17568,234.0,23.39,380.0,1.0,0.0,
2019-01-20 15:40:32 UTC,17569,221.0,23.44,385.0,1.0,0.0,
2019-01-20 15:50:31 UTC,17570,124.0,23.5,380.0,1.0,0.0,
2019-01-20 16:00:30 UTC,17571,161.0,23.5,385.0,1.0,0.0,
2019-01-20 16:20:28 UTC,17572,230.0,23.61,380.0,1.0,0.0,
2019-01-20 16:30:28 UTC,17573,198.0,23.61,384.0,1.0,0.0,
2019-01-20 16:40:27 UTC,17574,243.0,23.66,386.0,1.0,0.0,
2019-01-20 16:50:26 UTC,17575,180.0,23.71,382.0,1.0,0.0,
2019-01-20 17:00:25 UTC,17576,212.0,23.71,389.0,1.0,0.0,
2019-01-20 17:10:24 UTC,17577,251.0,23.77,382.0,1.0,0.0,
2019-01-20 17:20:24 UTC,17578,139.0,23.82,384.0,1.0,0.0,
2019-01-20 17:30:23 UTC,17579,186.0,23.82,387.0,1.0,0.0,
2019-01-20 17:40:22 UTC,17580,306.0,23.88,382.0,1.0,0.0,
2019-01-20 17:50:22 UTC,17581,227.0,23.88,385.0,1.0,0.0,
2019-01-20 18:00:21 UTC,17582,212.0,23.98,384.0,1.0,0.0,
2019-01-20 18:10:20 UTC,17583,339.0,24.04,382.0,1.0,0.0,
2019-01-20 18:20:20 UTC,17584,162.0,24.15,388.0,1.0,0.0,
2019-01-20 18:30:19 UTC,17585,191.0,24.15,383.0,1.0,0.0,
2019-01-20 18:40:19 UTC,17586,221.0,24.2,385.0,1.0,0.0,
2019-01-20 18:50:19 UTC,17587,233.0,24.26,388.0,1.0,0.0,
2019-01-20 19:00:18 UTC,17588,144.0,24.31,386.0,1.0,0.0,
2019-01-20 19:10:18 UTC,17589,121.0,24.31,382.0,1.0,0.0,
2019-01-20 19:20:17 UTC,17590,71.0,24.31,386.0,1.0,0.0,
2019-01-20 19:30:17 UTC,17591,115.0,24.31,382.0,1.0,0.0,
2019-01-20 19:40:16 UTC,17592,136.0,24.31,382.0,1.0,0.0,
2019-01-20 19:50:16 UTC,17593,142.0,24.31,386.0,1.0,0.0,
2019-01-20 20:00:15 UTC,17594,149.0,24.31,383.0,1.0,0.0,
2019-01-20 20:10:14 UTC,17595,175.0,24.36,384.0,1.0,0.0,
2019-01-20 20:20:14 UTC,17596,90.0,24.36,384.0,1.0,0.0,
2019-01-20 20:30:13 UTC,17597,83.0,24.36,386.0,1.0,0.0,
2019-01-20 20:40:13 UTC,17598,71.0,24.36,387.0,1.0,0.0,
2019-01-20 20:50:12 UTC,17599,47.0,24.36,381.0,1.0,0.0,
2019-01-20 21:00:11 UTC,17600,64.0,24.36,387.0,1.0,0.0,
2019-01-20 21:10:11 UTC,17601,88.0,24.36,381.0,1.0,0.0,
2019-01-20 21:20:10 UTC,17602,88.0,24.36,382.0,2.0,0.0,
2019-01-20 21:30:09 UTC,17603,65.0,24.31,383.0,1.0,0.0,
2019-01-20 21:40:09 UTC,17604,64.0,24.31,387.0,1.0,0.0,
2019-01-20 21:50:08 UTC,17605,65.0,24.31,384.0,1.0,0.0,
2019-01-20 22:00:07 UTC,17606,38.0,24.31,389.0,1.0,0.0,
2019-01-20 22:10:07 UTC,17607,40.0,24.36,382.0,1.0,0.0,
2019-01-20 22:20:06 UTC,17608,37.0,24.31,389.0,1.0,0.0,
2019-01-20 22:30:05 UTC,17609,31.0,24.31,382.0,1.0,0.0,
2019-01-20 22:40:04 UTC,17610,28.0,24.26,383.0,1.0,0.0,
2019-01-20 22:50:04 UTC,17611,7.0,24.26,389.0,1.0,0.0,
2019-01-20 23:00:03 UTC,17612,6.0,24.26,381.0,1.0,0.0,
2019-01-20 23:10:02 UTC,17613,14.0,24.2,386.0,1.0,0.0,
2019-01-20 23:20:01 UTC,17614,0.0,24.2,389.0,1.0,0.0,
2019-01-20 23:30:00 UTC,17615,0.0,24.15,381.0,1.0,0.0,
2019-01-20 23:39:59 UTC,17616,0.0,24.09,383.0,1.0,0.0,
2019-01-20 23:49:58 UTC,17617,0.0,24.04,386.0,1.0,0.0,
2019-01-20 23:59:57 UTC,17618,0.0,23.98,387.0,1.0,0.0,
2019-01-21 00:09:56 UTC,17619,0.0,23.98,385.0,1.0,0.0,
2019-01-21 00:19:55 UTC,17620,0.0,23.88,387.0,1.0,0.0,
2019-01-21 00:29:54 UTC,17621,0.0,23.82,381.0,1.0,0.0,
2019-01-21 00:39:53 UTC,17622,0.0,23.77,383.0,1.0,0.0,
2019-01-21 00:49:51 UTC,17623,0.0,23.71,381.0,1.0,0.0,
2019-01-21 00:59:50 UTC,17624,0.0,23.66,382.0,1.0,0.0,
2019-01-21 01:09:49 UTC,17625,0.0,23.61,384.0,1.0,0.0,
2019-01-21 01:19:48 UTC,17626,0.0,23.61,383.0,1.0,0.0,
2019-01-21 01:29:46 UTC,17627,0.0,23.55,381.0,1.0,0.0,
2019-01-21 01:39:45 UTC,17628,0.0,23.5,382.0,1.0,0.0,
2019-01-21 01:49:44 UTC,17629,0.0,23.44,389.0,1.0,0.0,
2019-01-21 01:59:42 UTC,17630,0.0,23.39,387.0,1.0,0.0,
2019-01-21 02:09:41 UTC,17631,0.0,23.34,385.0,1.0,0.0,
2019-01-21 02:19:39 UTC,17632,0.0,23.28,387.0,1.0,0.0,
2019-01-21 02:29:38 UTC,17633,0.0,23.23,382.0,1.0,0.0,
2019-01-21 02:39:36 UTC,17634,0.0,23.17,384.0,1.0,0.0,
2019-01-21 02:49:35 UTC,17635,0.0,23.17,385.0,1.0,0.0,
2019-01-21 02:59:34 UTC,17636,0.0,23.12,383.0,1.0,0.0,
2019-01-21 03:09:32 UTC,17637,0.0,23.07,384.0,1.0,0.0,
2019-01-21 03:19:31 UTC,17638,0.0,23.07,383.0,1.0,0.0,
2019-01-21 03:29:29 UTC,17639,0.0,23.01,386.0,1.0,0.0,
2019-01-21 03:39:28 UTC,17640,0.0,22.96,387.0,1.0,0.0,
2019-01-21 03:49:26 UTC,17641,0.0,22.9,383.0,1.0,0.0,
2019-01-21 03:59:25 UTC,17642,0.0,22.9,388.0,1.0,0.0,
2019-01-21 04:09:23 UTC,17643,0.0,22.85,384.0,2.0,0.0,
2019-01-21 04:19:22 UTC,17644,0.0,22.8,390.0,1.0,0.0,
2019-01-21 04:29:20 UTC,17645,0.0,22.8,386.0,1.0,0.0,
2019-01-21 04:39:19 UTC,17646,0.0,22.74,388.0,1.0,0.0,
2019-01-21 04:49:17 UTC,17647,0.0,22.69,384.0,1.0,0.0,
2019-01-21 04:59:16 UTC,17648,0.0,22.63,386.0,1.0,0.0,
2019-01-21 05:09:14 UTC,17649,0.0,22.63,389.0,1.0,0.0,
2019-01-21 05:19:12 UTC,17650,0.0,22.58,384.0,1.0,0.0,
2019-01-21 05:29:11 UTC,17651,0.0,22.58,385.0,1.0,0.0,
2019-01-21 05:39:09 UTC,17652,0.0,22.52,387.0,1.0,0.0,
2019-01-21 05:49:08 UTC,17653,0.0,22.47,384.0,1.0,0.0,
2019-01-21 05:59:06 UTC,17654,0.0,22.47,386.0,2.0,0.0,
2019-01-21 06:09:04 UTC,17655,0.0,22.42,390.0,1.0,0.0,
2019-01-21 06:19:03 UTC,17656,0.0,22.36,385.0,1.0,0.0,
2019-01-21 06:29:01 UTC,17657,0.0,22.31,389.0,1.0,0.0,
2019-01-21 06:38:59 UTC,17658,0.0,22.31,384.0,1.0,0.0,
2019-01-21 06:48:58 UTC,17659,0.0,22.25,389.0,1.0,0.0,
2019-01-21 06:58:56 UTC,17660,0.0,22.2,388.0,1.0,0.0,
2019-01-21 07:08:54 UTC,17661,0.0,22.2,386.0,1.0,0.0,
2019-01-21 07:18:52 UTC,17662,0.0,22.15,390.0,1.0,0.0,
2019-01-21 07:28:50 UTC,17663,0.0,22.15,385.0,2.0,0.0,
2019-01-21 07:38:49 UTC,17664,0.0,22.09,387.0,1.0,0.0,
2019-01-21 07:48:47 UTC,17665,0.0,22.09,385.0,1.0,0.0,
2019-01-21 07:58:45 UTC,17666,0.0,22.04,389.0,1.0,0.0,
2019-01-21 08:08:43 UTC,17667,0.0,22.04,388.0,1.0,0.0,
2019-01-21 08:18:42 UTC,17668,0.0,22.04,385.0,1.0,0.0,
2019-01-21 08:28:40 UTC,17669,0.0,21.98,386.0,1.0,0.0,
2019-01-21 08:38:38 UTC,17670,0.0,21.98,384.0,1.0,0.0,
2019-01-21 08:48:36 UTC,17671,0.0,21.98,390.0,1.0,0.0,
2019-01-21 08:58:35 UTC,17672,0.0,21.93,389.0,1.0,0.0,
2019-01-21 09:08:33 UTC,17673,0.0,21.93,385.0,1.0,0.0,
2019-01-21 09:18:31 UTC,17674,0.0,21.93,385.0,1.0,0.0,
2019-01-21 09:28:29 UTC,17675,0.0,21.93,391.0,1.0,0.0,
2019-01-21 09:38:28 UTC,17676,0.0,21.93,387.0,1.0,0.0,
2019-01-21 09:48:26 UTC,17677,0.0,21.93,391.0,1.0,0.0,
2019-01-21 09:58:24 UTC,17678,0.0,21.93,386.0,1.0,0.0,
2019-01-21 10:08:23 UTC,17679,0.0,21.93,388.0,2.0,0.0,
2019-01-21 10:18:21 UTC,17680,0.0,21.93,389.0,1.0,0.0,
2019-01-21 10:28:19 UTC,17681,0.0,21.93,391.0,1.0,0.0,
2019-01-21 10:38:17 UTC,17682,0.0,21.88,388.0,2.0,0.0,
2019-01-21 10:48:16 UTC,17683,0.0,21.93,386.0,1.0,0.0,
2019-01-21 10:58:14 UTC,17684,0.0,21.88,385.0,1.0,0.0,
2019-01-21 11:08:12 UTC,17685,0.0,21.88,389.0,1.0,0.0,
2019-01-21 11:18:11 UTC,17686,14.0,21.88,388.0,1.0,0.0,
2019-01-21 11:28:09 UTC,17687,0.0,21.88,390.0,1.0,0.0,
2019-01-21 11:38:07 UTC,17688,4.0,21.88,388.0,1.0,0.0,
2019-01-21 11:48:06 UTC,17689,13.0,21.82,385.0,1.0,0.0,
2019-01-21 11:58:04 UTC,17690,9.0,21.88,384.0,1.0,0.0,
2019-01-21 12:08:02 UTC,17691,15.0,21.88,386.0,1.0,0.0,
2019-01-21 12:18:01 UTC,17692,16.0,21.88,388.0,1.0,0.0,
2019-01-21 12:28:22 UTC,17693,27.0,21.88,391.0,1.0,1.0,
2019-01-21 12:38:21 UTC,17694,40.0,21.93,378.0,1.0,0.0,
2019-01-21 12:48:19 UTC,17695,46.0,21.93,380.0,1.0,0.0,
2019-01-21 12:58:18 UTC,17696,50.0,21.98,376.0,1.0,0.0,
2019-01-21 13:08:16 UTC,17697,91.0,21.98,378.0,1.0,0.0,
2019-01-21 13:18:15 UTC,17698,94.0,22.04,383.0,1.0,0.0,
2019-01-21 13:28:13 UTC,17699,124.0,22.09,378.0,1.0,0.0,
2019-01-21 13:38:12 UTC,17700,138.0,22.2,379.0,1.0,0.0,
2019-01-21 13:48:10 UTC,17701,126.0,22.25,378.0,1.0,0.0,
2019-01-21 13:58:09 UTC,17702,163.0,22.31,378.0,1.0,0.0,
2019-01-21 14:08:08 UTC,17703,151.0,22.42,378.0,1.0,0.0,
2019-01-21 14:18:07 UTC,17704,198.0,22.47,381.0,1.0,0.0,
2019-01-21 14:28:06 UTC,17705,277.0,22.58,384.0,1.0,0.0,
2019-01-21 14:38:05 UTC,17706,284.0,22.74,377.0,1.0,0.0,
2019-01-21 14:48:04 UTC,17707,236.0,22.9,380.0,1.0,0.0,
2019-01-21 14:58:03 UTC,17708,219.0,23.01,384.0,1.0,0.0,
2019-01-21 15:08:02 UTC,17709,191.0,23.17,380.0,1.0,0.0,
2019-01-21 15:18:02 UTC,17710,272.0,23.28,380.0,1.0,0.0,
2019-01-21 15:28:01 UTC,17711,276.0,23.34,379.0,1.0,0.0,
2019-01-21 15:38:01 UTC,17712,208.0,23.39,383.0,1.0,0.0,
2019-01-21 15:48:00 UTC,17713,240.0,23.5,377.0,1.0,0.0,
2019-01-21 15:58:00 UTC,17714,205.0,23.55,377.0,1.0,0.0,
2019-01-21 16:07:59 UTC,17715,217.0,23.61,384.0,1.0,0.0,
2019-01-21 16:17:58 UTC,17716,199.0,23.71,380.0,1.0,0.0,
2019-01-21 16:27:58 UTC,17717,217.0,23.77,379.0,1.0,0.0,
2019-01-21 16:37:57 UTC,17718,225.0,23.77,378.0,1.0,0.0,
2019-01-21 16:47:57 UTC,17719,251.0,23.82,381.0,1.0,0.0,
2019-01-21 16:57:56 UTC,17720,221.0,23.88,382.0,1.0,0.0,
2019-01-21 17:07:56 UTC,17721,322.0,23.98,383.0,1.0,0.0,
2019-01-21 17:17:55 UTC,17722,205.0,24.04,380.0,1.0,0.0,
2019-01-21 17:27:55 UTC,17723,221.0,24.09,380.0,1.0,0.0,
2019-01-21 17:37:54 UTC,17724,221.0,24.09,384.0,1.0,0.0,
2019-01-21 17:47:54 UTC,17725,217.0,24.09,381.0,1.0,0.0,
2019-01-21 17:57:53 UTC,17726,267.0,24.15,381.0,1.0,0.0,
2019-01-21 18:07:53 UTC,17727,264.0,24.2,383.0,1.0,0.0,
2019-01-21 18:17:53 UTC,17728,201.0,24.26,380.0,1.0,0.0,
2019-01-21 18:27:52 UTC,17729,170.0,24.31,386.0,1.0,0.0,
2019-01-21 18:37:52 UTC,17730,168.0,24.36,378.0,1.0,0.0,
2019-01-21 18:47:52 UTC,17731,264.0,24.42,379.0,1.0,0.0,
2019-01-21 18:57:51 UTC,17732,247.0,24.47,381.0,1.0,0.0,
2019-01-21 19:07:51 UTC,17733,222.0,24.53,383.0,1.0,0.0,
2019-01-21 19:17:51 UTC,17734,179.0,24.58,381.0,1.0,0.0,
2019-01-21 19:27:51 UTC,17735,161.0,24.53,378.0,1.0,0.0,
2019-01-21 19:37:51 UTC,17736,166.0,24.58,380.0,1.0,0.0,
2019-01-21 19:47:50 UTC,17737,129.0,24.58,380.0,1.0,0.0,
2019-01-21 19:57:50 UTC,17738,119.0,24.63,383.0,1.0,0.0,
2019-01-21 20:07:50 UTC,17739,53.0,24.63,380.0,1.0,0.0,
2019-01-21 20:17:49 UTC,17740,59.0,24.63,383.0,1.0,0.0,
2019-01-21 20:27:49 UTC,17741,46.0,24.58,379.0,1.0,0.0,
2019-01-21 20:37:48 UTC,17742,52.0,24.53,385.0,1.0,0.0,
2019-01-21 20:47:48 UTC,17743,46.0,24.47,379.0,1.0,0.0,
2019-01-21 20:57:47 UTC,17744,67.0,24.42,383.0,2.0,0.0,
2019-01-21 21:07:46 UTC,17745,76.0,24.42,381.0,1.0,0.0,
2019-01-21 21:17:45 UTC,17746,131.0,24.31,381.0,1.0,0.0,
2019-01-21 21:27:44 UTC,17747,126.0,24.26,377.0,1.0,0.0,
2019-01-21 21:37:43 UTC,17748,87.0,24.2,382.0,1.0,0.0,
2019-01-21 21:47:42 UTC,17749,105.0,24.2,380.0,1.0,0.0,
2019-01-21 21:57:41 UTC,17750,101.0,24.15,380.0,1.0,0.0,
2019-01-21 22:07:40 UTC,17751,88.0,24.15,378.0,1.0,0.0,
2019-01-21 22:17:39 UTC,17752,71.0,24.15,381.0,1.0,0.0,
2019-01-21 22:27:38 UTC,17753,44.0,24.15,382.0,1.0,0.0,
2019-01-21 22:37:37 UTC,17754,36.0,24.15,384.0,1.0,0.0,
2019-01-21 22:47:36 UTC,17755,15.0,24.09,381.0,1.0,0.0,
2019-01-21 22:57:35 UTC,17756,24.0,24.04,382.0,1.0,0.0,
2019-01-21 23:07:34 UTC,17757,0.0,23.98,381.0,1.0,0.0,
2019-01-21 23:17:33 UTC,17758,14.0,23.93,381.0,1.0,0.0,
2019-01-21 23:27:31 UTC,17759,0.0,23.82,384.0,1.0,0.0,
2019-01-21 23:37:30 UTC,17760,0.0,23.77,378.0,1.0,0.0,
2019-01-21 23:47:29 UTC,17761,0.0,23.71,377.0,1.0,0.0,
2019-01-21 23:57:27 UTC,17762,0.0,23.61,382.0,1.0,0.0,
2019-01-22 00:07:26 UTC,17763,0.0,23.55,386.0,1.0,0.0,
2019-01-22 00:17:24 UTC,17764,0.0,23.5,377.0,1.0,0.0,
2019-01-22 00:27:23 UTC,17765,0.0,23.39,382.0,1.0,0.0,
2019-01-22 00:37:21 UTC,17766,0.0,23.34,383.0,1.0,0.0,
2019-01-22 00:47:20 UTC,17767,0.0,23.28,378.0,1.0,0.0,
2019-01-22 00:57:18 UTC,17768,0.0,23.23,384.0,1.0,0.0,
2019-01-22 01:07:17 UTC,17769,0.0,23.17,382.0,1.0,0.0,
2019-01-22 01:17:15 UTC,17770,0.0,23.07,381.0,1.0,0.0,
2019-01-22 01:27:14 UTC,17771,0.0,23.07,384.0,1.0,0.0,
2019-01-22 01:37:12 UTC,17772,0.0,23.01,383.0,1.0,0.0,
2019-01-22 01:47:10 UTC,17773,0.0,22.96,383.0,1.0,0.0,
2019-01-22 01:57:09 UTC,17774,0.0,22.9,384.0,1.0,0.0,
2019-01-22 02:07:07 UTC,17775,0.0,22.85,386.0,1.0,0.0,
2019-01-22 02:17:06 UTC,17776,0.0,22.85,380.0,1.0,0.0,
2019-01-22 02:27:04 UTC,17777,0.0,22.8,381.0,1.0,0.0,
2019-01-22 02:37:03 UTC,17778,0.0,22.74,382.0,1.0,0.0,
2019-01-22 02:47:01 UTC,17779,0.0,22.69,386.0,1.0,0.0,
2019-01-22 02:57:00 UTC,17780,0.0,22.69,381.0,1.0,0.0,
2019-01-22 03:06:58 UTC,17781,0.0,22.63,381.0,1.0,0.0,
2019-01-22 03:16:56 UTC,17782,0.0,22.58,383.0,1.0,0.0,
2019-01-22 03:26:55 UTC,17783,0.0,22.52,380.0,1.0,0.0,
2019-01-22 03:36:53 UTC,17784,0.0,22.52,385.0,1.0,0.0,
2019-01-22 03:46:52 UTC,17785,0.0,22.47,380.0,1.0,0.0,
2019-01-22 03:56:50 UTC,17786,0.0,22.47,381.0,1.0,0.0,
2019-01-22 04:06:48 UTC,17787,0.0,22.47,386.0,1.0,0.0,
2019-01-22 04:16:47 UTC,17788,0.0,22.42,382.0,1.0,0.0,
2019-01-22 04:26:45 UTC,17789,0.0,22.42,383.0,1.0,0.0,
2019-01-22 04:36:44 UTC,17790,0.0,22.42,382.0,1.0,0.0,
2019-01-22 04:46:42 UTC,17791,0.0,22.36,387.0,1.0,0.0,
2019-01-22 04:56:40 UTC,17792,0.0,22.36,387.0,1.0,0.0,
2019-01-22 05:06:39 UTC,17793,0.0,22.36,384.0,1.0,0.0,
2019-01-22 05:16:37 UTC,17794,0.0,22.36,383.0,1.0,0.0,
2019-01-22 05:26:36 UTC,17795,0.0,22.36,386.0,1.0,0.0,
2019-01-22 05:36:34 UTC,17796,0.0,22.36,382.0,1.0,0.0,
2019-01-22 05:46:33 UTC,17797,0.0,22.31,387.0,1.0,0.0,
2019-01-22 05:56:31 UTC,17798,0.0,22.31,380.0,1.0,0.0,
2019-01-22 06:06:29 UTC,17799,0.0,22.31,383.0,1.0,0.0,
2019-01-22 06:16:28 UTC,17800,0.0,22.25,380.0,1.0,0.0,
2019-01-22 06:26:26 UTC,17801,0.0,22.2,388.0,1.0,0.0,
2019-01-22 06:36:24 UTC,17802,0.0,22.2,383.0,1.0,0.0,
2019-01-22 06:46:22 UTC,17803,0.0,22.15,380.0,1.0,0.0,
2019-01-22 06:56:21 UTC,17804,0.0,22.15,386.0,1.0,0.0,
2019-01-22 07:06:19 UTC,17805,0.0,22.09,383.0,1.0,0.0,
2019-01-22 07:16:17 UTC,17806,0.0,22.09,386.0,1.0,0.0,
2019-01-22 07:26:15 UTC,17807,0.0,22.09,383.0,1.0,0.0,
2019-01-22 07:36:13 UTC,17808,0.0,22.04,386.0,1.0,0.0,
2019-01-22 07:46:12 UTC,17809,0.0,21.98,380.0,1.0,0.0,
2019-01-22 07:56:10 UTC,17810,0.0,21.98,383.0,1.0,0.0,
2019-01-22 08:06:08 UTC,17811,0.0,21.98,382.0,1.0,0.0,
2019-01-22 08:16:06 UTC,17812,0.0,21.98,383.0,1.0,0.0,
2019-01-22 08:26:04 UTC,17813,0.0,21.98,384.0,1.0,0.0,
2019-01-22 08:36:03 UTC,17814,0.0,21.98,387.0,1.0,0.0,
2019-01-22 08:46:01 UTC,17815,0.0,21.98,383.0,1.0,0.0,
2019-01-22 08:55:59 UTC,17816,0.0,21.98,384.0,1.0,0.0,
2019-01-22 09:05:58 UTC,17817,0.0,21.98,389.0,1.0,0.0,
2019-01-22 09:15:56 UTC,17818,0.0,21.98,387.0,1.0,0.0,
2019-01-22 09:25:54 UTC,17819,0.0,21.98,387.0,2.0,0.0,
2019-01-22 09:35:52 UTC,17820,0.0,21.98,387.0,1.0,0.0,
2019-01-22 09:45:51 UTC,17821,0.0,21.98,388.0,1.0,0.0,
2019-01-22 09:55:49 UTC,17822,0.0,21.98,384.0,1.0,0.0,
2019-01-22 10:05:48 UTC,17823,0.0,22.04,390.0,1.0,0.0,
2019-01-22 10:15:46 UTC,17824,0.0,21.98,385.0,1.0,0.0,
2019-01-22 10:25:44 UTC,17825,0.0,22.04,381.0,1.0,0.0,
2019-01-22 10:35:43 UTC,17826,0.0,22.04,391.0,1.0,0.0,
2019-01-22 10:45:41 UTC,17827,0.0,21.98,385.0,1.0,0.0,
2019-01-22 10:55:39 UTC,17828,0.0,21.98,384.0,1.0,0.0,
2019-01-22 11:05:38 UTC,17829,0.0,22.04,387.0,1.0,0.0,
2019-01-22 11:15:36 UTC,17830,14.0,22.04,384.0,1.0,0.0,
2019-01-22 11:25:34 UTC,17831,6.0,22.04,386.0,1.0,0.0,
2019-01-22 11:35:33 UTC,17832,13.0,22.04,386.0,1.0,0.0,
2019-01-22 11:45:31 UTC,17833,18.0,22.04,388.0,1.0,0.0,
2019-01-22 11:55:30 UTC,17834,40.0,22.04,384.0,1.0,0.0,
2019-01-22 12:05:28 UTC,17835,40.0,22.04,387.0,1.0,0.0,
2019-01-22 12:15:26 UTC,17836,50.0,22.09,387.0,1.0,0.0,
2019-01-22 12:25:25 UTC,17837,53.0,22.09,383.0,1.0,0.0,
2019-01-22 12:35:23 UTC,17838,50.0,22.15,388.0,1.0,0.0,
2019-01-22 12:45:22 UTC,17839,90.0,22.2,387.0,1.0,0.0,
2019-01-22 12:55:20 UTC,17840,57.0,22.2,387.0,1.0,0.0,
2019-01-22 13:05:19 UTC,17841,62.0,22.25,386.0,1.0,0.0,
2019-01-22 13:15:17 UTC,17842,95.0,22.31,387.0,1.0,0.0,
2019-01-22 13:25:16 UTC,17843,90.0,22.36,385.0,1.0,0.0,
2019-01-22 13:35:38 UTC,17844,89.0,22.42,385.0,1.0,0.0,
2019-01-22 13:45:37 UTC,17845,113.0,22.47,380.0,1.0,0.0,
2019-01-22 13:55:36 UTC,17846,116.0,22.52,380.0,1.0,0.0,
2019-01-22 14:05:34 UTC,17847,185.0,22.63,383.0,1.0,0.0,
2019-01-22 14:15:33 UTC,17848,190.0,22.74,377.0,1.0,0.0,
2019-01-22 14:25:32 UTC,17849,197.0,22.85,381.0,1.0,0.0,
2019-01-22 14:35:32 UTC,17850,215.0,22.96,383.0,1.0,0.0,
2019-01-22 14:45:31 UTC,17851,235.0,23.07,384.0,1.0,0.0,
2019-01-22 14:55:30 UTC,17852,268.0,23.23,382.0,1.0,0.0,
2019-01-22 15:05:30 UTC,17853,125.0,23.39,379.0,1.0,0.0,
2019-01-22 15:15:29 UTC,17854,324.0,23.44,383.0,1.0,0.0,
2019-01-22 15:25:28 UTC,17855,330.0,23.5,383.0,1.0,0.0,
2019-01-22 15:35:28 UTC,17856,188.0,23.61,385.0,1.0,0.0,
2019-01-22 15:45:28 UTC,17857,372.0,23.71,383.0,1.0,0.0,
2019-01-22 15:55:27 UTC,17858,200.0,23.88,385.0,1.0,0.0,
2019-01-22 16:05:27 UTC,17859,219.0,23.98,381.0,1.0,0.0,
2019-01-22 16:15:27 UTC,17860,332.0,24.09,382.0,1.0,0.0,
2019-01-22 16:25:28 UTC,17861,323.0,24.2,388.0,1.0,0.0,
2019-01-22 16:35:27 UTC,17862,188.0,24.31,385.0,1.0,0.0,
2019-01-22 16:45:27 UTC,17863,298.0,24.42,387.0,1.0,0.0,
2019-01-22 16:55:27 UTC,17864,215.0,24.47,381.0,1.0,0.0,
2019-01-22 17:05:27 UTC,17865,290.0,24.58,389.0,1.0,0.0,
2019-01-22 17:15:27 UTC,17866,194.0,24.63,387.0,1.0,0.0,
2019-01-22 17:25:27 UTC,17867,172.0,24.69,385.0,1.0,0.0,
2019-01-22 17:35:27 UTC,17868,137.0,24.74,386.0,1.0,0.0,
2019-01-22 17:45:27 UTC,17869,126.0,24.74,384.0,1.0,0.0,
2019-01-22 17:55:27 UTC,17870,235.0,24.8,384.0,1.0,0.0,
2019-01-22 18:05:27 UTC,17871,181.0,24.8,384.0,1.0,0.0,
2019-01-22 18:15:27 UTC,17872,231.0,24.85,383.0,1.0,0.0,
2019-01-22 18:25:27 UTC,17873,250.0,24.85,388.0,1.0,0.0,
2019-01-22 18:35:27 UTC,17874,226.0,24.96,389.0,1.0,0.0,
2019-01-22 18:45:27 UTC,17875,228.0,25.01,382.0,1.0,0.0,
2019-01-22 18:55:27 UTC,17876,204.0,25.07,386.0,1.0,0.0,
2019-01-22 19:05:27 UTC,17877,198.0,25.12,382.0,1.0,0.0,
2019-01-22 19:15:27 UTC,17878,277.0,25.12,385.0,1.0,0.0,
2019-01-22 19:25:27 UTC,17879,284.0,25.17,387.0,1.0,0.0,
2019-01-22 19:35:28 UTC,17880,145.0,25.23,384.0,1.0,0.0,
2019-01-22 19:45:29 UTC,17881,291.0,25.23,383.0,1.0,0.0,
2019-01-22 19:55:28 UTC,17882,275.0,25.28,387.0,1.0,0.0,
2019-01-22 20:05:29 UTC,17883,258.0,25.34,390.0,1.0,0.0,
